,state,y1985,CPI1985,pop1985,packpc1985,income1985,tax1985,avgprs1985,taxs1985,y1986,CPI1986,pop1986,packpc1986,income1986,tax1986,avgprs1986,taxs1986,y1987,CPI1987,pop1987,packpc1987,income1987,tax1987,avgprs1987,taxs1987,y1988,CPI1988,pop1988,packpc1988,income1988,tax1988,avgprs1988,taxs1988,y1989,CPI1989,pop1989,packpc1989,income1989,tax1989,avgprs1989,taxs1989,y1990,CPI1990,pop1990,packpc1990,income1990,tax1990,avgprs1990,taxs1990,y1991,CPI1991,pop1991,packpc1991,income1991,tax1991,avgprs1991,taxs1991,y1992,CPI1992,pop1992,packpc1992,income1992,tax1992,avgprs1992,taxs1992,y1993,CPI1993,pop1993,packpc1993,income1993,tax1993,avgprs1993,taxs1993,y1994,CPI1994,pop1994,packpc1994,income1994,tax1994,avgprs1994,taxs1994,y1995,CPI1995,pop1995,packpc1995,income1995,tax1995,avgprs1995,taxs1995
1,Alabama,1985,1.075999975,3973000,116.4862823,46014968,32.50000381,102.1816711,33.34833527,1986,1.095999956,3992000,117.159317,48703940,32.50000381,107.9891663,33.40583801,1987,1.136000037,4016000,115.8366547,51846312,32.50000381,113.5273285,33.46067047,1988,1.183000088,4024000,115.2584457,55698852,32.50000381,120.0334244,33.52508545,89,1.24000001,4030000,109.2059555,60044480,32.50000381,133.256012,33.65600204,1990,1.306999922,4048508,111.744873,64094948,32.50000381,143.4485779,33.75691986,1991,1.361999989,4091025,107.0147476,67649568,34.50000381,161.7211609,35.93783569,1992,1.402999997,4139269,106.9029312,72281824,36.50000381,176.1136627,38.08033752,1993,1.445000052,4193114,104.9577942,75439176,38.50000381,164.7343292,39.96767044,1994,1.481999993,4232965,103.4263229,79832152,40.50000381,156.2755737,41.88391876,1995,1.523999929,4262731,101.085434,83903280,40.50000381,158.3713379,41.90467072
2,Arkansas,,1.075999975,2327000,128.5345917,26210736,37,101.4749985,37,,1.095999956,2332000,127.6586609,27363680,37,109.0833359,37,,1.136000037,2343000,125.309433,28540168,37,117.0250015,37,,1.183000088,2343000,125.5228348,30492638,37,129.4279938,41.97800064,89,1.24000001,2346000,122.8047714,32409780,37,140.9980011,42.42300034,,1.306999922,2354343,117.0177841,34159184,37,150.063324,42.77166748,,1.361999989,2370666,116.2542496,36164020,39,170.0920105,45.54199982,,1.402999997,2394098,124.0968399,39322416,42,187.7574921,50.94083405,,1.445000052,2423743,110.7378159,41190456,49.20833588,180.9674988,57.82583618,,1.481999993,2540605,101.6293411,43498008,55.5,176.0149994,63.88166809,,1.523999929,2480121,111.0429688,45995496,55.5,175.542511,63.85916901
3,Arizona,,1.075999975,3184000,104.5226135,43956936,31,108.5787506,36.17041779,,1.095999956,3309000,103.2940445,47848132,31,116.1999969,36.53333282,,1.136000037,3438000,100.3490372,52003120,31,119.1750031,36.67499924,,1.183000088,3536000,99.46266937,55836700,31,126.5862503,37.02791595,89,1.24000001,3622000,94.91993713,60010740,31,134.6974945,37.4141655,,1.306999922,3679056,85.81005859,63319164,31,147.8574982,38.04083252,,1.361999989,3762394,80.74645996,66077264,35.25,166.5912476,43.18291473,,1.402999997,3867333,76.35752869,70119912,38,184.9487457,46.80708313,,1.445000052,3993390,75.2493515,74900032,40,179.261261,48.53625107,,1.481999993,4147561,72.86209869,82014176,42,170.6949921,50.12833405,,1.523999929,4306908,71.95417023,88870496,65.33332825,198.6074982,74.79082489
4,California,,1.075999975,26444000,100.3630371,447102816,26,107.8373413,32.10400009,,1.095999956,27106000,96.36611938,477762464,26,110.3548355,32.24650192,,1.136000037,27781000,92.46607208,517348384,26,118.4814987,32.70650101,,1.183000088,28468000,88.38345337,561121088,26,130.0090027,33.35900116,89,1.24000001,29218000,80.51543427,606701248,38.5,154.9013367,47.26800156,,1.306999922,29950112,74.20005798,655567168,51,187.8496704,61.63299942,,1.361999989,30414114,68.53068542,669842240,53,206.9915009,64.71649933,,1.402999997,30875920,66.38182831,701571584,55,218.0303345,69.26366425,,1.445000052,31147208,61.75192642,714107328,57,209.8626709,70.72933197,,1.481999993,31317180,57.86600113,735104448,60,206.4386749,73.50533295,,1.523999929,31493524,56.85930634,771470144,61,210.5046692,74.77133179
5,Colorado,,1.075999975,3209000,112.9635391,49466672,31,94.2666626,31,,1.095999956,3238000,109.2340927,51062272,31,100.0583344,31,,1.136000037,3261000,102.698555,53527656,36,112.9166641,36,,1.183000088,3263000,97.02727509,56387208,36,124.6333313,36,89,1.24000001,3276000,91.30036926,60759576,36,141.5916748,36,,1.306999922,3303862,89.1381073,65094512,36,147.1999969,36,,1.361999989,3367567,88.90691376,68992136,38,152.25,38,,1.402999997,3459995,84.74000549,74206960,40,163.7416687,40,,1.445000052,3560884,82.64801788,80212048,42,159.1166687,42,,1.481999993,3653910,82.13119507,85859736,44,159.6166687,44,,1.523999929,3738061,82.58292389,92946544,44,167.3500061,44
6,Connecticut,,1.075999975,3201000,109.2783508,60063368,42,128.0249939,51.48333359,,1.095999956,3224000,106.7617874,64597832,42,130.6259918,51.67599869,,1.136000037,3248000,106.6194611,71098736,42,136.9259949,52.14266586,,1.183000088,3272000,103.850853,78551080,42,147.8249969,52.95000076,89,1.24000001,3283000,100.0304565,84702664,45.5,166.7160034,57.84933472,,1.306999922,3289056,90.81632996,87935184,56,183.8250122,69.6166687,,1.361999989,3288640,87.02685547,88344096,58,194.6699982,72.41999817,,1.402999997,3274997,84.24435425,93778704,63.75,209.2263336,75.59300232,,1.445000052,3272325,79.7903595,96866464,67,214.888504,79.16349792,,1.481999993,3268346,77.62335968,99787808,71,215.9573364,83.22399902,,1.523999929,3265293,79.47219086,104315120,74,218.2805023,86.35549927
7,Delaware,,1.075999975,618000,143.8511353,9927301,30,102.4916611,30,,1.095999956,628000,140.764328,10530821,30,108.8166656,30,,1.136000037,637000,137.5196228,11422540,30,116.0083389,30,,1.183000088,648000,135.9567871,12506597,30,122.0416718,30,89,1.24000001,658000,130.851059,13777657,30,133.3333435,30,,1.306999922,669063,124.3530121,14475729,30,138.9499969,30,,1.361999989,680495,117.4145279,15203588,39.08333588,160.4083252,39.08333588,,1.402999997,690158,116.9297485,15938837,44,182.3999939,44,,1.445000052,699475,119.0893173,16663330,46,166.9166565,46,,1.481999993,708416,121.6799164,17377776,48,157.2833252,48,,1.523999929,718265,124.4665985,18237436,48,165.6000061,48
8,Florida,,1.075999975,11352000,122.1811218,166919248,37,115.2900009,42.49000168,,1.095999956,11669000,120.6187363,179951680,37,121.9400024,42.80666733,,1.136000037,11999000,119.2266006,196939232,40,132.78125,46.32291794,,1.183000088,12308000,118.0614243,216504528,40,142.7212524,46.79624939,89,1.24000001,12638000,112.6048431,240686672,40,154.5568542,48.74850082,,1.306999922,13018365,105.7429199,258479056,40,168.2573395,49.52400208,,1.361999989,13289497,97.62596893,268304176,51.90000153,192.4783478,62.79500198,,1.402999997,13504775,93.90011597,279028352,53.90000153,202.3628235,65.35449982,,1.445000052,13713593,93.27970886,296927424,55.90000153,191.3035126,66.72850037,,1.481999993,13961798,90.46829224,311908864,57.90000153,182.9471741,68.25550079,,1.523999929,14185403,93.07455444,333525344,57.90000153,187.7171783,68.52550507
9,Georgia,,1.075999975,5963000,127.2346191,78364336,28,97.02516937,28.84183311,,1.095999956,6085000,126.5735397,85125968,28,103.2198334,28.90316582,,1.136000037,6209000,124.7865982,92007472,28,107.9415817,28.94991684,,1.183000088,6317000,123.6821213,100276824,28,117.9490051,29.04899979,89,1.24000001,6411000,117.6259537,107725352,28,129.3367462,29.16175079,,1.306999922,6506531,112.6406708,115414192,28,136.9790802,29.23741722,,1.361999989,6621279,109.0725861,121094216,30,151.6745758,31.3829174,,1.402999997,6759474,106.3988113,130683560,32,165.5115814,33.51991653,,1.445000052,6894092,104.3502197,138770624,34,156.9855042,35.4355011,,1.481999993,7045900,102.6696396,149165088,36,152.6930084,37.39300156,,1.523999929,7188538,97.47462463,159800448,36,156.5730743,37.43141556
10,Iowa,,1.075999975,2830000,113.7455826,37902896,34,101.8420029,37.91699982,,1.095999956,2792000,107.7722092,39144360,40,114.3740005,44.39899826,,1.136000037,2767000,107.5533066,41224700,42,126.0913239,46.8496666,,1.183000088,2769000,103.5391846,42399264,44.66666412,139.7673492,50.0423317,89,1.24000001,2771000,97.00469208,45887504,50,155.45401,55.97900009,,1.306999922,2779769,97.66998291,48312552,47,159.1026764,53.11933517,,1.361999989,2791227,96.33756256,49848588,49.41666412,172.6833344,56.05833054,,1.402999997,2806923,93.91065979,53161048,56,192.4346619,63.40133286,,1.445000052,2820525,90.83415985,53390872,58,187.6262512,66.93458557,,1.481999993,2829422,91.67950439,57998884,60,184.625,68.79166412,,1.523999929,2840860,92.40159607,60170928,60,190.8899994,69.08999634
11,Idaho,,1.075999975,994000,103.0181122,11577261,25.10000038,102.8993301,29.05766678,,1.095999956,990000,98.28282928,11850746,25.10000038,108.2639999,29.26399994,,1.136000037,985000,99.28933716,12421681,27.32500076,118.4049988,32.96333313,,1.183000088,986000,88.64097595,13353923,34,135.1612549,40.43624878,89,1.24000001,994000,80.88531494,14720691,34,144.9962616,40.90458298,,1.306999922,1011882,91.31499481,16054421,34,150.2637482,41.1554184,,1.361999989,1038915,82.97117615,16825220,36,165.2350006,43.86833191,,1.402999997,1066490,80.45082092,18382160,38,178.0099945,46.4766655,,1.445000052,1101204,79.36767578,20105404,40,166.7312317,47.93958282,,1.481999993,1135459,83.84274292,21399344,42,159.8625031,49.61249924,,1.523999929,1165000,74.84978485,22868920,52,179.6375122,60.5541687
12,Illinois,,1.075999975,11401000,123.2084808,176786352,28.00000572,104.4402542,28.9152565,,1.095999956,11389000,119.5802994,185432176,32.66667175,113.9128265,33.62950516,,1.136000037,11393000,111.9371643,196946624,36.00000763,128.056839,43.24850845,,1.183000088,11392000,110.0947952,210271984,36.00000763,136.8636627,43.74700928,89,1.24000001,11410000,106.9763336,224024336,36.00000763,143.5063324,44.12300873,,1.306999922,11446979,95.99912262,237593008,46.00000763,160.280838,55.07250977,,1.361999989,11535973,95.33657074,245952368,48.00000763,178.8396759,58.12300873,,1.402999997,11635197,93.27732849,264868800,50.00000763,195.3491669,61.05750656,,1.445000052,11725984,92.39310455,274220704,52.00000763,186.401001,62.55100632,,1.481999993,11804986,83.60027313,288509472,68.00000763,194.9428253,79.03450775,,1.523999929,11884935,83.26507568,304767456,68.00000763,198.4761658,79.2345047
13,Indiana,,1.075999975,5460000,137.6373749,71751616,26.5,96.18000031,31.07999992,,1.095999956,5455000,138.8817596,75381600,26.5,102.2612457,31.36958313,,1.136000037,5474000,136.7738495,80257856,26.5,107.6775055,31.62750053,,1.183000088,5493000,135.8638153,85759016,31.5,120.7062531,37.24791718,89,1.24000001,5524000,134.2867432,92629880,31.5,132.1774902,37.79416656,,1.306999922,5555097,129.3766785,97907440,31.5,140.4025116,38.18583298,,1.361999989,5602062,126.3641891,101146560,33.5,153.0812531,40.78958511,,1.402999997,5648649,126.1540604,108844848,35.5,163.6250153,43.29166794,,1.445000052,5701965,123.553894,114675360,37.5,158.3487549,45.04041672,,1.481999993,5745626,124.860199,121537088,39.5,153.7462463,46.82125092,,1.523999929,5791819,134.2583466,126525008,39.5,154.5337524,46.85874939
14,Kansas,,1.075999975,2428000,116.680397,34784360,32,98.9229126,34.88124847,,1.095999956,2433000,110.0287781,36256488,38,110.9395828,41.23125076,,1.136000037,2446000,106.2551117,38106992,40,124.7826691,44.79933167,,1.183000088,2462000,104.6303787,40206912,40,136.5,45.25,89,1.24000001,2473000,97.93772888,42267324,40,147.602005,45.67700195,,1.306999922,2480683,95.45758057,45103584,40,151.5713348,45.82966614,,1.361999989,2495209,91.61557007,46989840,42,168.4713287,48.47966766,,1.402999997,2526042,88.75545502,50406832,44,181.1679993,50.9679985,,1.445000052,2547605,87.88646698,52250372,46,173.6175079,54.26750183,,1.481999993,2569118,86.95590973,54856808,48,171.3162384,56.15791702,,1.523999929,2586942,88.75344086,56626672,48,175.2100067,56.3433342
15,Kentucky,,1.075999975,3695000,186.0351868,42703144,19,87.00125122,23.14291763,,1.095999956,3688000,181.8058472,44233712,19,92.79374695,23.41875076,,1.136000037,3684000,175.950058,47080768,19,97.41374969,23.63875008,,1.183000088,3681000,172.5074768,49938632,19,104.8775024,23.99416733,89,1.24000001,3677000,176.0946503,53695508,19,116.2174988,24.53416634,,1.306999922,3692584,186.4818726,57175332,19,124.3812561,24.92291641,,1.361999989,3714686,169.1394501,60328548,21,136.8371735,28.74550056,,1.402999997,3756358,164.4944458,65059952,23,149.8839874,31.48399925,,1.445000052,3792288,162.9886627,67558768,25,145.9796753,33.26300049,,1.481999993,3823215,164.8089294,70781360,27,142.0046692,35.03800201,,1.523999929,3855248,172.6477814,74079712,27,145.9796753,35.26300049
16,Louisiana,,1.075999975,4409000,127.5572662,53431900,32,108.3939972,36.16899872,,1.095999956,4407000,123.2584534,53005136,32,117.008667,36.50033188,,1.136000037,4345000,121.5650177,53286764,32,124.0893326,36.77266693,,1.183000088,4289000,116.8104477,56239456,32,131.4646606,37.05633163,89,1.24000001,4253000,108.8408203,59528360,32,143.6326752,37.52433395,,1.306999922,4219179,107.4379654,64229064,32,150.4706726,37.78733444,,1.361999989,4240950,106.344101,68178512,37.66666794,172.1806641,44.28900146,,1.402999997,4270849,106.887413,72466152,40,186.6799927,47.18000031,,1.445000052,4284749,104.2768173,75911280,42,173.3593292,48.66766739,,1.481999993,4306500,103.6108246,80871536,44,162.7253418,50.25866699,,1.523999929,4327978,105.1761322,84572688,44,167.7953491,50.45366669
17,Massachusetts,,1.075999975,5881000,115.677597,98328688,42,112.2083359,42,,1.095999956,5903000,114.246994,105975744,42,118.1500015,42,,1.136000037,5936000,112.0956879,115760808,42,126.9333344,42,,1.183000088,5981000,109.8980026,127579568,42,141.5166626,42,89,1.24000001,6016000,102.4933548,135095936,42,158.3574982,49.54083252,,1.306999922,6018664,97.54656219,139772368,42,166.6962433,49.9379158,,1.361999989,5998652,94.82130432,142463680,44,178.8325043,52.51583481,,1.402999997,5993474,91.19919586,149095680,46,187.5737457,54.93208313,,1.445000052,6010884,84.54663086,154262080,60.5,193.4012451,69.70957947,,1.481999993,6031352,77.2297821,161885984,75,209.448761,84.97374725,,1.523999929,6062335,76.62064362,170051568,75,217.105011,85.33833313
18,Maryland,,1.075999975,4414000,120.9787064,74851664,29,91.96666718,29,,1.095999956,4488000,119.2290497,80611616,29,97.38333893,29,,1.136000037,4566000,115.8782196,87731312,29,105.4916687,29,,1.183000088,4659000,112.6636658,96071784,29,115.6166611,29,89,1.24000001,4727000,107.5946655,104005032,29,126.7916641,29,,1.306999922,4797431,99.97016907,110449944,29,137.3916626,29,,1.361999989,4856176,97.33996582,114466200,31.25,149.9750061,31.25,,1.402999997,4902545,90.60600281,119417456,39.33333588,179.4974976,47.88083649,,1.445000052,4942504,80.97109985,124076160,58,190.5400085,67.07333374,,1.481999993,4985411,79.69252777,129848496,60,183.8025055,68.75250244,,1.523999929,5023650,77.47354889,135115456,60,186.0337524,68.85874939
19,Maine,,1.075999975,1163000,128.1169434,14575292,36,107.0475006,41.09749985,,1.095999956,1170000,118.3760681,15753707,42,121.441246,47.78291702,,1.136000037,1185000,123.9662476,17289266,44,132.0375061,50.28749847,,1.183000088,1204000,123.7541504,19035832,44,144.8825073,50.89916611,89,1.24000001,1220000,120.9016418,20599674,44,159.3987579,51.59041595,,1.306999922,1231296,114.9195633,21521460,46.25,166.582489,54.18249893,,1.361999989,1235439,116.3149261,21820184,50,181.5100098,58.64333344,,1.402999997,1235748,114.9910812,22675764,57,201.9918365,68.4335022,,1.445000052,1238256,108.458992,23292032,59,194.9605103,70.03549957,,1.481999993,1237687,102.3683701,24173868,61,193.0789948,71.92900085,,1.523999929,1237438,102.46978,25045934,61,197.2306519,72.16400146
20,Michigan,,1.075999975,9077000,128.0048523,133728040,37,104.9141693,37.83083344,,1.095999956,9129000,126.1364899,142146336,37,110.0315018,37.88150024,,1.136000037,9189000,122.3636932,148190832,37,118.6669998,37.96699905,,1.183000088,9219000,121.7051773,158529136,39,129.2183228,40.05166626,89,1.24000001,9253000,117.6483231,169112992,41,140.5019226,42.14358521,,1.306999922,9310462,114.74189,177103456,41,145.6781769,42.19483185,,1.361999989,9395022,109.4941559,181495456,43,164.4978333,44.38116837,,1.402999997,9470323,105.9203568,192037536,45,182.8714142,46.56308365,,1.445000052,9529240,104.1950912,203827568,47,173.368988,48.46900177,,1.481999993,9584481,110.5119781,219120752,57.33333206,179.5392456,58.78091431,,1.523999929,9659871,81.38825226,231594240,99,240.8496704,112.6330032
21,Minnesota,,1.075999975,4185000,112.9032288,63152360,34,113.6496658,40.43299866,,1.095999956,4206000,104.4698029,66784232,39,125.6276703,46.11100006,,1.136000037,4236000,108.4985809,71570232,40.25,132.7119904,47.76200104,,1.183000088,4297000,94.0423584,75578160,54,156.8800049,62.88000107,89,1.24000001,4338000,92.09313202,82277040,54,167.709671,63.49300003,,1.306999922,4387283,89.46311188,87795488,54,179.2106628,64.14399719,,1.361999989,4427429,85.87376404,90713792,56.41666794,196.0469971,67.51366425,,1.402999997,4471503,82.67913818,97024880,63,219.5907593,77.36575317,,1.445000052,4521709,79.59380341,99787104,70,218.164093,84.27241516,,1.481999993,4566028,81.36174011,107151552,72,213.6344147,85.97608185,,1.523999929,4605445,82.94529724,113216856,72,220.3486633,86.41533661
22,Missouri,,1.075999975,5001000,130.3739319,69341920,29.00000381,99.33816528,29.85483742,,1.095999956,5024000,129.1003113,72858704,29.00000381,106.6774979,29.92750359,,1.136000037,5057000,129.6816254,77114720,29.00000381,113.0489197,29.99058723,,1.183000088,5082000,129.7127075,81744480,29.00000381,118.1494217,30.0410881,89,1.24000001,5096000,125.4513245,87050224,29.00000381,125.9685059,30.11850357,,1.306999922,5126370,120.9627838,90999728,29.00000381,132.2641754,30.18083763,,1.361999989,5157770,119.5477905,95729992,31.00000381,145.495163,32.31183624,,1.402999997,5193686,121.1856079,101493392,33.00000381,157.1522522,34.42725372,,1.445000052,5237757,119.4404373,106298472,35.00000381,149.9896698,36.3563385,,1.481999993,5281206,117.2459488,112313768,40.00000381,149.1600952,41.31842041,,1.523999929,5324610,122.4502792,117639672,41.00000381,157.2300873,42.3884201
23,Mississippi,,1.075999975,2588000,117.040184,25678534,27.58333206,105.293335,33.54333115,,1.095999956,2594000,114.0323792,26694922,34,118.4196701,40.70299911,,1.136000037,2589000,112.5144806,28248528,34,126.9526672,41.18600082,,1.183000088,2581000,113.0182114,30176940,34,131.9346619,41.4679985,89,1.24000001,2574000,112.1989136,32281126,34,142.0664978,42.04150009,,1.306999922,2577426,105.3764496,33928256,34,150.0253296,42.49200058,,1.361999989,2591230,104.8922729,35774984,36,162.1005096,45.17549896,,1.402999997,2610193,102.5211563,38397576,38,180.959671,48.24300003,,1.445000052,2635574,103.0136108,40767848,40,176.8442383,51.5692482,,1.481999993,2663450,103.1369095,44077268,42,166.010498,52.86050034,,1.523999929,2690788,105.5824509,46241956,42,169.2294006,53.07108307
24,Montana,,1.075999975,822000,104.2579041,9785230,32,99.29166412,32,,1.095999956,814000,99.38574982,10143255,32,104.4499969,32,,1.136000037,805000,95.27950287,10462867,32,111.5083313,32,,1.183000088,800000,90.625,10692508,32,119.7916718,32,89,1.24000001,800000,88.375,11692829,32,131.9833374,32,,1.306999922,799824,86.89411926,12416204,33.5,141.7666626,33.5,,1.361999989,807837,81.699646,13336500,36,154.875,36,,1.402999997,822436,83.89710236,14075520,38,172.0399933,38,,1.445000052,839876,81.55966187,15178490,41.15499878,163.3050079,41.15499878,,1.481999993,854923,82.58053589,15499025,42.10499954,153.7966614,42.10499954,,1.523999929,868522,87.15956879,16296835,42,156.2166748,42
25,North Carolina,,1.075999975,6255000,155.2837677,79104656,18,84.96799469,21.26799965,,1.095999956,6322000,152.7523041,84987520,18,92.11125183,22.38624954,,1.136000037,6405000,148.1030426,91733648,18,96.5625,20.8125,,1.183000088,6482000,145.5723572,100196176,18,105.8496628,21.08300018,89,1.24000001,6565000,139.055603,108584976,18,116.1153412,21.38199997,,1.306999922,6656987,131.6060791,115608648,18,126.0205002,21.6704998,,1.361999989,6748135,130.4064026,120648272,20,139.3074951,24.05750084,,1.402999997,6831850,126.1590958,130627408,24.75,155.6966705,30.73833466,,1.445000052,6947412,124.9242172,139239264,27,148.6159973,32.7159996,,1.481999993,7060959,108.1581192,147792512,29,145.2186584,34.58533478,,1.523999929,7185403,121.538063,157633568,29,149.9940033,34.76900101
26,North Dakota,,1.075999975,677000,105.4652863,8672948,34,106.8079987,38.10800171,,1.095999956,670000,102.0895538,8788163,34,112.0686646,38.31033325,,1.136000037,661000,97.73071289,8968475,34,117.1386719,38.50533295,,1.183000088,655000,92.3664093,8352113,43,138.4889984,50.8390007,89,1.24000001,646000,89.3188858,9279703,43,147.3930054,51.3429985,,1.306999922,637364,82.99810028,10121249,46,162.5421753,55.20050049,,1.361999989,634199,85.30445862,10318486,48,174.9088287,57.90050125,,1.402999997,635427,74.43813324,11241941,49,184.1485138,59.42350006,,1.445000052,637229,82.85874939,11361715,51,180.1735077,61.19850159,,1.481999993,639762,80.34237671,12176830,68,190.5350037,78.78500366,,1.523999929,641548,79.80696869,12243384,68,192.2486725,78.88200378
27,Nebraska,,1.075999975,1585000,107.3817062,21778072,34,104.6066666,38.0233345,,1.095999956,1575000,105.2063522,22378720,35.66666412,112.7446671,40.00299835,,1.136000037,1567000,104.9138489,23552768,39,121.6453323,43.67866516,,1.183000088,1572000,95.54707336,25118636,43,137.9386597,48.30533218,89,1.24000001,1575000,95.87301636,26581180,43,147.3593292,48.66766739,,1.306999922,1580664,91.54380798,28591104,43,154.4746552,48.94133377,,1.361999989,1590805,91.71456909,29853372,45,170.0562592,53.09791565,,1.402999997,1602406,89.3032074,31548426,47,182.6912537,55.69958496,,1.445000052,1612149,89.19770813,32512656,49,176.7675018,57.41749954,,1.481999993,1621551,84.05532837,34325416,58,178.7537537,66.51208496,,1.523999929,1635142,87.27070618,36293064,58,182.1750031,66.67500305
28,New Hampshire,,1.075999975,997000,197.993988,15767469,33,95.5,33,,1.095999956,1025000,190.63414,17399088,33,101.1666641,33,,1.136000037,1054000,185.199234,19368684,33,108.7083359,33,,1.183000088,1083000,176.6389618,21390430,33,120.7333374,33,89,1.24000001,1105000,170.4977417,22792080,33,129.3999939,33,,1.306999922,1111831,154.4299469,23029404,38.66666412,145.7333221,38.66666412,,1.361999989,1107055,147.3278198,23608532,43,159.6916504,43,,1.402999997,1112766,145.5831757,24652176,45,174.1416626,45,,1.445000052,1122191,149.5289154,25272604,47,167.1750031,47,,1.481999993,1133054,155.1558838,26989736,49,161.3583374,49,,1.523999929,1145604,156.3367462,28649564,49,166.6416626,49
29,New Jersey,,1.075999975,7566000,116.5212784,133549208,41,110.4166641,41,,1.095999956,7623000,114.5743179,142617056,41,117.4749985,41,,1.136000037,7672000,110.7924957,155179008,41,125.5500031,41,,1.183000088,7713000,108.0124435,170763504,43,136.2916718,43,89,1.24000001,7726000,103.4817505,182297648,43,145.2166748,43,,1.306999922,7757158,98.47679138,192117136,43,159.8583374,43,,1.361999989,7784269,86.53349304,195795520,58,186.3083344,58,,1.402999997,7827770,85.95040131,208197344,60,213.4025879,73.96091461,,1.445000052,7874891,81.79160309,213418800,62,203.4581604,73.51650238,,1.481999993,7918796,80.49203491,220817408,64,196.9038239,75.14550018,,1.523999929,7965523,80.37136841,233208576,64,203.0871735,75.49549866
30,New Mexico,,1.075999975,1439000,88.74217987,17258916,28,102.7779999,31.95299911,,1.095999956,1463000,87.28639984,17882868,28,108.8880005,32.18799973,,1.136000037,1479000,82.08248901,18756172,31,117.8537445,36.61208344,,1.183000088,1491000,79.47686005,19853934,31,127.6537476,37.07875061,89,1.24000001,1504000,76.13031769,21182568,31,137.4799957,37.54666519,,1.306999922,1519933,71.58209991,22738520,31,148.4262543,38.06791687,,1.361999989,1547115,69.35489655,24357692,33,165.2262573,40.86791611,,1.402999997,1580750,69.33417511,25964036,35,177.8350067,43.4683342,,1.445000052,1614937,65.57530975,27818748,37,168.3325043,45.01583481,,1.481999993,1653329,64.4154892,29670304,45,169.4437561,53.06874847,,1.523999929,1682417,64.66886902,31716160,45,176.1462402,53.38791656
31,Nevada,,1.075999975,951000,141.9558411,14581495,31,114.1884995,37.46350098,,1.095999956,981000,135.1681976,15715826,31,117.5716629,37.65499878,,1.136000037,1024000,135.7421875,17280732,31,127.3943329,38.21099854,,1.183000088,1075000,135.5348816,19544342,36,147.2693481,44.33600235,89,1.24000001,1137000,129.727356,22256010,36,162.4361725,45.19449997,,1.306999922,1218629,120.5453033,25193918,51,191.9130096,61.86299896,,1.361999989,1285046,111.7469711,27349370,53,201.7621765,64.42050171,,1.402999997,1330694,102.8034973,30199270,55,209.2385101,68.68849945,,1.445000052,1380197,97.37740326,32385668,57,206.1622467,70.48725128,,1.481999993,1456388,93.99967957,35877512,59,203.6834259,72.32508087,,1.523999929,1525777,93.52611542,39377292,59,206.5991669,72.51583099
32,New York,,1.075999975,17794000,116.6629181,297728512,37.00000381,109.9978256,37.88117218,,1.095999956,17836000,113.5624619,317914048,37.00000381,115.519165,37.93583679,,1.136000037,17871000,109.4342804,340067904,37.00000381,123.2035828,38.01192093,,1.183000088,17944000,106.3475266,369668224,37.00000381,133.3119965,38.11200333,89,1.24000001,17983000,100.322525,395022080,39.00000381,150.8744202,40.26608658,,1.306999922,18002856,93.86843872,419742656,49.50000381,178.8626709,56.37933731,,1.361999989,18029532,86.59681702,431671584,57.00000381,198.25,64.625,,1.402999997,18082032,82.3524704,455657120,59.00000381,209.6553345,67.0636673,,1.445000052,18140894,77.91788483,464200544,62.41667175,205.1313324,70.30633545,,1.481999993,18156652,71.64866638,478586304,80,218.6773224,88.41066742,,1.523999929,18150928,70.81732178,503163328,80,221.8580017,88.53299713
33,Ohio,,1.075999975,10736000,127.5987396,153455776,30,100.4237442,34.7820816,,1.095999956,10732000,126.5933609,160236048,30,105.516243,35.02458191,,1.136000037,10762000,125.4506531,168667712,30,108.6574936,35.17416763,,1.183000088,10800000,122.7870331,180756992,34,121.2312546,39.7729187,89,1.24000001,10829000,119.3092651,193034656,34,135.6512451,40.45958328,,1.306999922,10861837,115.8459702,204114304,34,144.8650055,40.8983345,,1.361999989,10933683,112.4963989,210116960,36,158.5674896,43.55083466,,1.402999997,11007609,110.8596802,222811728,38,169.3562622,46.06458282,,1.445000052,11070385,106.8436203,232462848,43,162.8287506,50.75374985,,1.481999993,11111451,106.6737442,245156112,48,161.4550018,55.6883316,,1.523999929,11155493,111.3801041,255312928,48,165.8912506,55.89958191
34,Oklahoma,,1.075999975,3272000,127.1393661,43395580,34,101.4680786,34.82641602,,1.095999956,3253000,121.3034134,43222260,34,111.23983,34.92316818,,1.136000037,3211000,118.2497635,43220656,34.41666412,120.1838303,37.91716385,,1.183000088,3168000,109.3434372,45152640,39,134.0559998,44.15599823,89,1.24000001,3150000,102.6349182,48089840,39,146.4406738,44.63233185,,1.306999922,3147105,93.19676208,51026776,39,153.7640076,44.91400146,,1.361999989,3166471,87.13169861,52947292,41,169.373764,49.06541824,,1.402999997,3204174,84.60839081,56155136,43,186.3574982,51.8741684,,1.445000052,3228829,83.96232605,58394696,45,179.5325012,53.54916763,,1.481999993,3246119,101.9679184,60799744,47,170.1612549,55.10291672,,1.523999929,3265547,108.6801071,63333300,47,170.1349945,55.1016655
35,Oregon,,1.075999975,2673000,119.4537964,36205164,35,97.03333282,35,,1.095999956,2684000,112.0715332,38003492,41,109.9333344,41,,1.136000037,2701000,109.218811,40274160,43,125.0916672,43,,1.183000088,2742000,108.0598068,44030080,43,139.0833435,43,89,1.24000001,2791000,105.1952667,48059984,43,151.3583374,43,,1.306999922,2858547,98.7914505,52177756,43.66666412,158.4333344,43.66666412,,1.361999989,2918745,98.15862274,54890876,46,169.7416687,46,,1.402999997,2973934,97.7829361,58162804,48,185.7749939,48,,1.445000052,3034490,93.09636688,61916252,50,180.7749939,50,,1.481999993,3087142,91.08748627,66129688,57.83333206,182.8500061,57.83333206,,1.523999929,3141421,92.15574646,71209312,62,190.3000031,62
36,Pennsylvania,,1.075999975,11772000,117.7030258,170033840,34,109.0740051,40.17399979,,1.095999956,11784000,114.6809311,178937904,34,114.3475037,40.47249985,,1.136000037,11812000,112.4872894,190656640,34,118.022171,40.68050003,,1.183000088,11847000,108.7110672,205200224,34,125.5305023,41.10549927,89,1.24000001,11866000,108.7308197,222195136,34,136.9078217,41.74950027,,1.306999922,11895604,102.5420837,235802320,34,148.1526642,42.38600159,,1.361999989,11943160,102.2007523,244892208,36,164.2028198,45.29449844,,1.402999997,11980819,95.65289307,258186144,49.91666412,190.322998,60.68966293,,1.445000052,12022128,93.86856842,267020432,53,178.5835114,63.10850143,,1.481999993,12042545,94.78063202,275336928,55,169.8119965,64.61199951,,1.523999929,12044780,95.64308929,285923232,55,176.1631622,64.97149658
37,Rhode Island,,1.075999975,967000,132.7817841,14229156,39,100.9416656,39,,1.095999956,975000,135.384613,15233344,39.40000153,107.6916656,39.40000153,,1.136000037,990000,121.8181839,16477743,41,118.1666641,41,,1.183000088,997000,137.0110321,18205036,41,128.0916748,41,89,1.24000001,1001000,120.0799179,19669940,43,138.3583374,43,,1.306999922,1004649,100.632164,20287488,53,162.2166748,53,,1.361999989,1003990,104.0847015,20443910,55,181.4583435,55,,1.402999997,1000571,100.9423599,21269332,57,208.2309265,70.62258148,,1.445000052,997852,95.10428619,22089772,59,188.9263153,71.35966492,,1.481999993,993412,93.616745,22612016,68,198.6365814,80.99491882,,1.523999929,989203,92.59980011,23786644,80,224.4592438,94.68424988
38,South Carolina,,1.075999975,3304000,127.2094421,38536176,23,90.64125061,27.31624985,,1.095999956,3343000,126.7424469,40974356,23,97.17750549,27.62750053,,1.136000037,3381000,127.1517334,44136172,23,102.8825073,27.89916611,,1.183000088,3413000,126.0474625,47922880,23,112.2450027,28.34499931,89,1.24000001,3457000,124.3274536,51276188,23,125.6412506,28.98291588,,1.306999922,3499064,118.974678,56158328,23,133.7874908,29.37083244,,1.361999989,3559470,120.2145233,58405664,25,149.1262512,32.10124969,,1.402999997,3600576,110.4823227,61803472,27,167.2124939,34.96250153,,1.445000052,3634507,111.6244965,64711452,29,156.8175049,36.46749878,,1.481999993,3666456,109.0699005,68510824,31,146.6062469,37.98125076,,1.523999929,3699943,108.0827484,72050072,31,152.8187408,38.27708435
39,South Dakota,,1.075999975,698000,106.5902557,8340000,31,97.08333588,31,,1.095999956,696000,98.85057831,8690783,39,111.5333328,39,,1.136000037,696000,98.99425507,9199160,39,120.1166611,39,,1.183000088,698000,94.98567963,9639202,39,134.2425079,45.39250183,89,1.24000001,697000,90.53084564,10288122,39,140.6426697,44.40933228,,1.306999922,696667,91.5789032,11312137,39,151.3720093,44.8219986,,1.361999989,701445,91.24022675,11896990,41,163.6699982,47.29499817,,1.402999997,708698,91.43528748,12732224,43,180.0153351,49.92366791,,1.445000052,716258,89.0740509,13297460,45,171.4526672,51.59433365,,1.481999993,723038,91.97303772,14176712,47,165.2473297,53.35566711,,1.523999929,728251,97.21923065,14454129,47,168.0379944,53.46300125
40,Tennessee,,1.075999975,4716000,129.8345947,57749668,29,101.9455032,34.77050018,,1.095999956,4739000,129.3310852,61580548,29,107.6341705,35.09249878,,1.136000037,4784000,130.8110352,66524200,29,117.197998,37.68133163,,1.183000088,4823000,127.2444611,71900880,29,126.9900055,38.4066658,89,1.24000001,4854000,127.1116638,77104680,29,139.7250061,39.34999847,,1.306999922,4890626,123.2153091,82267328,29,147.3119965,39.91199875,,1.361999989,4946886,119.6308136,86583088,31,164.7269897,43.20199966,,1.402999997,5013999,118.3885345,94464752,33,180.9810028,46.40599823,,1.445000052,5085666,116.5039063,100393936,35,170.9189911,47.66066742,,1.481999993,5163016,114.13871,106855208,37,164.0249939,49.15000153,,1.523999929,5241168,122.3200531,114259984,37,167.0670013,49.37533188
41,Texas,,1.075999975,16275000,115.1029282,231003152,35.25,107.3799973,39.38000107,,1.095999956,16563000,111.4472046,234593728,36.33333588,114.9459991,40.75433731,,1.136000037,16624000,104.3130417,240782432,36.5,123.8899994,41.26499939,,1.183000088,16669000,97.79230499,255401648,40.625,139.7875061,48.53749847,89,1.24000001,16807000,95.07942963,274342784,42,150.5995026,50.52449799,,1.306999922,17044714,85.01168823,297569440,42,162.4185028,51.19350052,,1.361999989,17339904,78.65672302,314725568,59,191.3300018,69.83000183,,1.402999997,17650480,75.06311035,337933984,61,208.6610107,72.81099701,,1.445000052,17996764,77.60283661,356784352,63,199.8894958,74.3144989,,1.481999993,18338320,74.91416931,377582624,65,192.875824,75.91750336,,1.523999929,18679706,73.07930756,402096768,65,198.2023315,76.21900177
42,Utah,,1.075999975,1643000,68.04625702,19462380,28,110.1958389,34.23749924,,1.095999956,1663000,64.76247406,20367186,28,112.8634949,34.38850021,,1.136000037,1678000,68.53396606,21208236,29.83333206,117.9762573,35.45124817,,1.183000088,1690000,55.7396431,22224834,39,136.8237457,45.51541519,89,1.24000001,1706000,57.44431305,23842736,39,152.3637543,46.25541687,,1.306999922,1729722,53.0143013,25938560,39,168.8049927,47.03833389,,1.361999989,1771941,52.4848175,27749680,41,174.7987518,49.32374954,,1.402999997,1821498,52.53917313,29788208,46.5,184.7299957,55.29666519,,1.445000052,1875993,52.0790863,31950464,48.5,176.6887512,56.91374969,,1.481999993,1930436,51.12834549,34578712,50.5,173.5650024,58.76499939,,1.523999929,1976774,49.27219772,37278220,50.5,180.9762573,59.11791611
43,Virginia,,1.075999975,5716000,134.0097961,87361632,18.50000191,91.61533356,22.02366829,,1.095999956,5812000,133.3103943,94363768,18.50000191,96.95399475,22.229002,,1.136000037,5933000,129.6645813,102817072,18.50000191,102.9339981,22.45900154,,1.183000088,6038000,127.4759903,112022304,18.50000381,111.6762543,23.81792068,89,1.24000001,6120000,121.0130692,121057680,18.50000381,126.6300049,24.5300045,,1.306999922,6213526,115.7474823,127614144,18.50000381,139.8687592,25.16042137,,1.361999989,6283853,108.7549286,132536112,20.50000381,156.082489,27.93250275,,1.402999997,6383315,106.1987457,140206720,22.50000381,170.5724945,30.62250328,,1.445000052,6464795,102.1223373,147223168,24.50000381,168,32.50000381,,1.481999993,6536771,103.1548996,154981632,26.50000381,164.9375,34.35417175,,1.523999929,6601392,105.3868713,161441792,26.50000572,166.6612549,34.43625641
44,Vermont,,1.075999975,530000,145.28302,6887097,33,100.9833374,33,,1.095999956,534000,131.4606781,7392319,33,114.4953308,37.40366745,,1.136000037,540000,127.7777786,8099821,33,124.3579941,37.78300095,,1.183000088,550000,128.7272797,8904578,33,132.2879944,38.08800125,89,1.24000001,558000,120.4301071,9769222,33,143.3813324,38.51466751,,1.306999922,564526,122.5807114,10192738,33,153.3306732,38.89733505,,1.361999989,567141,120.9575729,10332389,35,166.0099945,41.38499832,,1.402999997,570115,126.1149063,10999179,38.5,179.2525024,47.03583527,,1.445000052,574004,116.0270691,11356945,42,173.4425049,50.25916672,,1.481999993,578900,118.8460846,11897987,44,167.8862457,51.99458313,,1.523999929,582827,122.3347549,12448607,44,175.6387482,52.36375046
45,Washington,,1.075999975,4401000,96.22812653,64846548,39,129.4610901,47.46941757,,1.095999956,4453000,93.28542328,69114048,41,136.9510803,49.95941544,,1.136000037,4533000,88.96977997,73871752,47,148.0879974,56.68799973,,1.183000088,4641000,86.46843719,80130192,47,157.040329,57.27366638,89,1.24000001,4746000,83.96544647,88616008,47.25,170.085434,58.37708282,,1.306999922,4900780,78.74256897,98143120,50,185.4042358,62.12924957,,1.361999989,5013443,77.35202789,104786248,52,203.068161,65.28483582,,1.402999997,5139011,77.79707336,112633616,54,215.0789185,68.07057953,,1.445000052,5247704,74.60405731,117620616,56,214.5439148,70.0355835,,1.481999993,5334896,68.19252014,123337472,78,237.3705902,93.52891541,,1.523999929,5431024,65.53092194,129680832,80.5,239.1093445,96.14266968
46,Wisconsin,,1.075999975,4748000,107.8769989,65732720,41,114.590004,46.45666504,,1.095999956,4756000,105.8872986,69101072,41,119.7087555,46.70041656,,1.136000037,4779000,106.8424377,73377744,41,126.5862503,47.02791595,,1.183000088,4823000,102.8820267,78125584,45.16666412,140.0962524,51.83791351,89,1.24000001,4857000,100.5970764,84013416,46,153.0549927,53.28833389,,1.306999922,4902265,94.48693848,89025200,46,163.2487488,53.77375031,,1.361999989,4952675,94.7164917,92669448,48,177.1437683,56.43541718,,1.402999997,5004636,94.49238586,99453936,51.33333588,193.4624939,60.5458374,,1.445000052,5055318,88.639328,104337360,60,194.5737457,69.26541901,,1.481999993,5095504,91.61017609,110569688,62,193.2875061,71.20417023,,1.523999929,5137004,92.46634674,115959680,62,201.3812561,71.58958435
47,West Virginia,,1.075999975,1907000,112.8474045,20852964,33,108.9112473,38.18624878,,1.095999956,1883000,115.2416382,21578364,33,114.6337509,38.45875168,,1.136000037,1858000,113.832077,22197652,33,124.1975021,38.9141655,,1.183000088,1830000,115.4098358,23259046,33,133.8224945,39.37250137,89,1.24000001,1807000,110.4593277,24440400,33,146.306488,41.28149796,,1.306999922,1792481,111.4656143,26132850,33,152.2160034,41.61600113,,1.361999989,1798212,110.1649857,27366612,35,161.1111755,44.11949921,,1.402999997,1805462,96.59577179,29100894,37,172.6386719,46.77199936,,1.445000052,1816179,111.9933701,30374522,39,165.8635101,48.38850021,,1.481999993,1818490,102.2276688,31666084,41,163.2488251,50.2405014,,1.523999929,1820560,115.5688324,32611268,41,166.5171814,50.42549896
48,Wyoming,,1.075999975,500000,129.3999939,7116756,24,93.46666718,24,,1.095999956,496000,127.8225784,6940614,24,100.6583328,24,,1.136000037,477000,119.4968567,6769883,24,108.6500015,24,,1.183000088,465000,123.0107498,6961888,24,116.2249985,24,89,1.24000001,458000,119.213974,7509524,24,122.625,24,,1.306999922,453401,104.7637711,8159438,28,128.0416565,28,,1.361999989,457739,106.8294373,8636382,30,143.0583344,30,,1.402999997,463491,107.4454498,9061238,32,161.9833374,32,,1.445000052,469033,103.8306503,9515136,34,155.1916504,34,,1.481999993,474982,105.8987503,9954215,36,150.6666565,36,,1.523999929,478447,112.2381363,10293195,36,158.5416565,36